{
  "aspect_ratio": 1.0036515494331555,
  "horizontal_pixels": 266.0322265625,
  "vertical_pixels": 265.0643310546875,
  "physical_size_mm": 20.0,
  "scale_horizontal": 13.301611328125,
  "scale_vertical": 13.253216552734376,
  "deviation_percent": 0.36515494331554876,
  "corners": [
    [
      320.0,
      320.0
    ],
    [
      323.0,
      591.0
    ],
    [
      589.0,
      589.0
    ],
    [
      584.0,
      328.0
    ]
  ]
}