{
  "aspect_ratio": 1.0193884015197148,
  "horizontal_pixels": 679.0626220703125,
  "vertical_pixels": 666.1470947265625,
  "physical_size_mm": 105.0,
  "scale_horizontal": 6.46726306733631,
  "scale_vertical": 6.344258045014881,
  "deviation_percent": 1.938840151971477,
  "corners": [
    [
      1179.0,
      1785.0
    ],
    [
      1858.0,
      1774.0
    ],
    [
      1844.0,
      1110.0
    ],
    [
      1165.0,
      1117.0
    ]
  ]
}