{
  "cx_estimated": 1385.4770464712562,
  "cy_estimated": 1436.2619764275769,
  "cx_image_center": 1512.0,
  "cy_image_center": 1512.0,
  "offset_x_pixels": -126.52295352874376,
  "offset_y_pixels": -75.73802357242312,
  "offset_x_percent": -8.367920206927497,
  "offset_y_percent": -5.009128543149677,
  "vanishing_points": [
    [
      1200.740674272529,
      1278.4841686963207
    ],
    [
      1254.5533822787654,
      1416.2900297035255
    ],
    [
      1324.9137316370384,
      1446.5817103999339
    ],
    [
      1250.7133753943203,
      1426.354574132491
    ],
    [
      1645.4564328743563,
      1361.7007314974176
    ],
    [
      1311.1399447251858,
      1493.4057263781144
    ]
  ],
  "num_line_sets": 6,
  "num_vanishing_points": 6
}