{
  "rectification_transforms": {
    "R1": [
      [
        0.9999877460298776,
        -0.000410270815940935,
        -0.004933504630864192
      ],
      [
        0.0004325413582159114,
        0.9999897186506722,
        0.004513923008067669
      ],
      [
        0.004931601976904061,
        -0.0045160016393837816,
        0.999977642265633
      ]
    ],
    "R2": [
      [
        0.999862878142736,
        -0.012155935951512197,
        0.011245360521879471
      ],
      [
        0.012206586318151446,
        0.9999156104166506,
        -0.004446492500202796
      ],
      [
        -0.011190360252549068,
        0.0045831502527819215,
        0.9999268826125131
      ]
    ],
    "P1": [
      [
        1245.1907156462287,
        0.0,
        616.9413528442383,
        0.0
      ],
      [
        0.0,
        1245.1907156462287,
        484.7440185546875,
        0.0
      ],
      [
        0.0,
        0.0,
        1.0,
        0.0
      ]
    ],
    "P2": [
      [
        1245.1907156462287,
        0.0,
        616.9413528442383,
        -318156.185886649
      ],
      [
        0.0,
        1245.1907156462287,
        484.7440185546875,
        0.0
      ],
      [
        0.0,
        0.0,
        1.0,
        0.0
      ]
    ],
    "Q": [
      [
        1.0,
        0.0,
        0.0,
        -616.9413528442383
      ],
      [
        0.0,
        1.0,
        0.0,
        -484.7440185546875
      ],
      [
        0.0,
        0.0,
        0.0,
        1245.1907156462287
      ],
      [
        0.0,
        0.0,
        0.0039137718230311536,
        -0.0
      ]
    ]
  },
  "roi": {
    "left": [
      25,
      17,
      1216,
      897
    ],
    "right": [
      34,
      49,
      1214,
      894
    ]
  },
  "rectified_camera_params": {
    "fx": 1245.1907156462287,
    "fy": 1245.1907156462287,
    "cx": 616.9413528442383,
    "cy": 484.7440185546875,
    "baseline_mm": 255.50799719987666
  },
  "image_size": {
    "width": 1280,
    "height": 960
  }
}