{
  "left_camera": {
    "fx": 1356.4429865723473,
    "fy": 1361.5379988941663,
    "cx": 609.0332467864208,
    "cy": 506.04581763385016,
    "k1": -0.23598704172088794,
    "k2": 0.5968024316167478,
    "p1": 0.0006391370840417718,
    "p2": 0.007217832521222117,
    "k3": -0.9948243064466897,
    "camera_matrix": [
      [
        1356.4429865723473,
        0.0,
        609.0332467864208
      ],
      [
        0.0,
        1361.5379988941663,
        506.04581763385016
      ],
      [
        0.0,
        0.0,
        1.0
      ]
    ],
    "distortion_coefficients": [
      [
        -0.23598704172088794,
        0.5968024316167478,
        0.0006391370840417718,
        0.007217832521222117,
        -0.9948243064466897
      ]
    ]
  },
  "right_camera": {
    "fx": 1354.7692394346109,
    "fy": 1356.9311550639172,
    "cx": 635.6318576659559,
    "cy": 460.8009420978923,
    "k1": -0.15577453113691808,
    "k2": 0.09006313174127338,
    "p1": -0.00023314863461751817,
    "p2": -0.003039971031409314,
    "k3": -0.04808521784455622,
    "camera_matrix": [
      [
        1354.7692394346109,
        0.0,
        635.6318576659559
      ],
      [
        0.0,
        1356.9311550639172,
        460.8009420978923
      ],
      [
        0.0,
        0.0,
        1.0
      ]
    ],
    "distortion_coefficients": [
      [
        -0.15577453113691808,
        0.09006313174127338,
        -0.00023314863461751817,
        -0.003039971031409314,
        -0.04808521784455622
      ]
    ]
  },
  "stereo_parameters": {
    "rotation_matrix": [
      [
        0.9998007193035823,
        0.01184678194437145,
        -0.016067838610157835
      ],
      [
        -0.011700679863955243,
        0.999889619646668,
        0.009156561230218623
      ],
      [
        0.01617454082070946,
        -0.008966731868636706,
        0.9998289763498731
      ]
    ],
    "translation_vector": [
      [
        -255.47296146875476
      ],
      [
        3.105938849061024
      ],
      [
        -2.873279544736065
      ]
    ],
    "essential_matrix": [
      [
        0.016617810588157124,
        2.845112270264783,
        3.131717020144897
      ],
      [
        1.2594508882765219,
        -2.3247966614085915,
        255.47543694238234
      ],
      [
        -0.11611255936167945,
        -255.48155765327846,
        -2.289348090194204
      ]
    ],
    "fundamental_matrix": [
      [
        1.849244160941729e-09,
        3.15421750871485e-07,
        0.0003119764696257794
      ],
      [
        1.399294740952665e-07,
        -2.5732662029096964e-07,
        0.03854658690822801
      ],
      [
        -8.316018733503585e-05,
        -0.038454152228375206,
        1.0
      ]
    ],
    "baseline_mm": 255.50799719987663,
    "reprojection_error": 1.1472823211305754
  },
  "image_size": {
    "width": 1280,
    "height": 960
  }
}