{
  "fx": 722.0596247726572,
  "fy": 732.7346559211087,
  "cx": 513.6958691340692,
  "cy": 292.7393551036481,
  "skew": 0.0,
  "matrix": [
    [
      722.0596247726572,
      0.0,
      513.6958691340692
    ],
    [
      0.0,
      732.7346559211087,
      292.7393551036481
    ],
    [
      0.0,
      0.0,
      1.0
    ]
  ]
}