{
  "fx": 2861.5997533527384,
  "fy": 2855.844155855524,
  "cx": 1536.5783116832713,
  "cy": 1499.4519131878062,
  "skew": 0.0,
  "matrix": [
    [
      2861.5997533527384,
      0.0,
      1536.5783116832713
    ],
    [
      0.0,
      2855.844155855524,
      1499.4519131878062
    ],
    [
      0.0,
      0.0,
      1.0
    ]
  ]
}