{
  "k1": 0.011064851966951192,
  "k2": -0.13689908367749604,
  "p1": -0.0014157883254101702,
  "p2": 0.0012990012854336062,
  "k3": 0.2023071499762176,
  "coefficients": [
    [
      0.011064851966951192,
      -0.13689908367749604,
      -0.0014157883254101702,
      0.0012990012854336062,
      0.2023071499762176
    ]
  ]
}