{
  "k1": 0.06109436797530078,
  "k2": 0.6871490681722955,
  "p1": 0.0023209570909443118,
  "p2": 0.0022612664148682696,
  "k3": -2.843847665114439,
  "coefficients": [
    [
      0.06109436797530078,
      0.6871490681722955,
      0.0023209570909443118,
      0.0022612664148682696,
      -2.843847665114439
    ]
  ]
}